Time,Node_1,Node_3,Node_4,Node_5,Node_6,Node_7,Node_8,Node_9,Node_10,Node_11,Node_12,Node_13,Node_14,Node_15,Node_16,Node_17,Node_18
00:00,70.2,40.04,20.64,192.5,140.5,351.0,200.2,103.2,962.5,702.5,142.5,148.2,702.5,142.5,148.2,516.0,103.2
00:05,70.27666666666667,40.083333333333336,20.68,192.71333333333334,140.65666666666667,351.3833333333333,200.41666666666666,103.4,963.5666666666667,703.2833333333333,142.66666666666666,148.36666666666665,703.2833333333333,142.66666666666666,148.36666666666665,517.0,103.4
00:10,70.35333333333334,40.126666666666665,20.720000000000002,192.92666666666665,140.81333333333333,351.76666666666665,200.63333333333333,103.6,964.6333333333333,704.0666666666667,142.83333333333334,148.53333333333333,704.0666666666667,142.83333333333334,148.53333333333333,518.0,103.6
00:15,70.43,40.17,20.76,193.14,140.97,352.15,200.85,103.8,965.7,704.85,143.0,148.7,704.85,143.0,148.7,519.0,103.8
00:20,70.50333333333334,40.21333333333333,20.8,193.35333333333332,141.12666666666667,352.51666666666665,201.06666666666666,104.0,966.7666666666667,705.6333333333333,143.15,148.85,705.6333333333333,143.15,148.85,520.0,104.0
00:25,70.57666666666667,40.25666666666667,20.84,193.56666666666666,141.28333333333333,352.8833333333333,201.28333333333333,104.2,967.8333333333334,706.4166666666667,143.29999999999998,149.0,706.4166666666667,143.29999999999998,149.0,521.0,104.2
00:30,70.65,40.3,20.88,193.78,141.44,353.25,201.5,104.4,968.9,707.2,143.45,149.15,707.2,143.45,149.15,522.0,104.4
00:35,70.72666666666667,40.343333333333334,20.919999999999998,193.99666666666667,141.59666666666666,353.6333333333333,201.71666666666667,104.60000000000001,969.9833333333333,707.9833333333333,143.61666666666665,149.31666666666666,707.9833333333333,143.61666666666665,149.31666666666666,523.0,104.60000000000001
00:40,70.80333333333333,40.38666666666666,20.96,194.21333333333334,141.75333333333333,354.01666666666665,201.93333333333334,104.8,971.0666666666666,708.7666666666667,143.78333333333333,149.48333333333335,708.7666666666667,143.78333333333333,149.48333333333335,524.0,104.8
00:45,70.88,40.43,21.0,194.43,141.91,354.4,202.15,105.0,972.15,709.55,143.95,149.65,709.55,143.95,149.65,525.0,105.0
00:50,70.95333333333333,40.47,21.04,194.64333333333335,142.06333333333333,354.76666666666665,202.35,105.2,973.2166666666667,710.3166666666666,144.1,149.8,710.3166666666666,144.1,149.8,526.0,105.2
00:55,71.02666666666666,40.51,21.080000000000002,194.85666666666665,142.21666666666667,355.1333333333333,202.55,105.39999999999999,974.2833333333333,711.0833333333334,144.25,149.95,711.0833333333334,144.25,149.95,527.0,105.39999999999999
01:00,71.1,40.55,21.12,195.07,142.37,355.5,202.75,105.6,975.35,711.85,144.4,150.1,711.85,144.4,150.1,528.0,105.6
01:05,71.17666666666666,40.593333333333334,21.16,195.28333333333333,142.52666666666667,355.8833333333333,202.96666666666667,105.8,976.4166666666666,712.6333333333333,144.56666666666666,150.26666666666665,712.6333333333333,144.56666666666666,150.26666666666665,529.0,105.8
01:10,71.25333333333333,40.63666666666666,21.2,195.49666666666667,142.68333333333334,356.26666666666665,203.18333333333334,106.0,977.4833333333333,713.4166666666667,144.73333333333335,150.43333333333334,713.4166666666667,144.73333333333335,150.43333333333334,530.0,106.0
01:15,71.33,40.68,21.24,195.71,142.84,356.65,203.4,106.2,978.55,714.2,144.9,150.6,714.2,144.9,150.6,531.0,106.2
01:20,71.40333333333334,40.723333333333336,21.279999999999998,195.92333333333335,142.99666666666667,357.01666666666665,203.61666666666667,106.4,979.6166666666667,714.9833333333333,145.05,150.75,714.9833333333333,145.05,150.75,532.0,106.4
01:25,71.47666666666666,40.766666666666666,21.32,196.13666666666666,143.15333333333334,357.3833333333333,203.83333333333334,106.6,980.6833333333333,715.7666666666667,145.2,150.9,715.7666666666667,145.2,150.9,533.0,106.6
01:30,71.55,40.81,21.36,196.35,143.31,357.75,204.05,106.8,981.75,716.55,145.35,151.05,716.55,145.35,151.05,534.0,106.8
01:35,71.62666666666667,40.85333333333333,21.4,196.56333333333333,143.46666666666667,358.1333333333333,204.26666666666668,107.0,982.8166666666667,717.3333333333333,145.51666666666665,151.21666666666667,717.3333333333333,145.51666666666665,151.21666666666667,535.0,107.0
01:40,71.70333333333333,40.89666666666667,21.44,196.77666666666667,143.62333333333333,358.51666666666665,204.48333333333332,107.2,983.8833333333333,718.1166666666667,145.68333333333334,151.38333333333335,718.1166666666667,145.68333333333334,151.38333333333335,536.0,107.2
01:45,71.78,40.94,21.48,196.99,143.78,358.9,204.7,107.4,984.95,718.9,145.85,151.55,718.9,145.85,151.55,537.0,107.4
01:50,71.85333333333334,40.983333333333334,21.52,197.20333333333335,143.93666666666667,359.26666666666665,204.91666666666666,107.60000000000001,986.0166666666667,719.6833333333333,146.0,151.70000000000002,719.6833333333333,146.0,151.70000000000002,538.0,107.60000000000001
01:55,71.92666666666666,41.026666666666664,21.560000000000002,197.41666666666666,144.09333333333333,359.6333333333333,205.13333333333333,107.8,987.0833333333334,720.4666666666667,146.15,151.85,720.4666666666667,146.15,151.85,539.0,107.8
02:00,72.0,41.07,21.6,197.63,144.25,360.0,205.35,108.0,988.15,721.25,146.3,152.0,721.25,146.3,152.0,540.0,108.0
02:05,72.07666666666667,41.11333333333334,21.64,197.84666666666666,144.40666666666667,360.3833333333333,205.56666666666666,108.2,989.2333333333333,722.0333333333333,146.46666666666667,152.16666666666666,722.0333333333333,146.46666666666667,152.16666666666666,541.0,108.2
02:10,72.15333333333334,41.156666666666666,21.68,198.06333333333333,144.56333333333333,360.76666666666665,205.78333333333333,108.39999999999999,990.3166666666666,722.8166666666667,146.63333333333335,152.33333333333334,722.8166666666667,146.63333333333335,152.33333333333334,542.0,108.39999999999999
02:15,72.23,41.2,21.72,198.28,144.72,361.15,206.0,108.6,991.4,723.6,146.8,152.5,723.6,146.8,152.5,543.0,108.6
02:20,72.30333333333334,41.24,21.756666666666664,198.49333333333334,144.87333333333333,361.51666666666665,206.2,108.78333333333333,992.4666666666667,724.3666666666667,146.95000000000002,152.65,724.3666666666667,146.95000000000002,152.65,543.9166666666666,108.78333333333333
02:25,72.37666666666667,41.28,21.793333333333333,198.70666666666665,145.02666666666667,361.8833333333333,206.4,108.96666666666667,993.5333333333333,725.1333333333333,147.1,152.79999999999998,725.1333333333333,147.1,152.79999999999998,544.8333333333334,108.96666666666667
02:30,72.45,41.32,21.83,198.92,145.18,362.25,206.6,109.15,994.6,725.9,147.25,152.95,725.9,147.25,152.95,545.75,109.15
02:35,72.52666666666667,41.36333333333334,21.869999999999997,199.13333333333333,145.33666666666667,362.6333333333333,206.81666666666666,109.35000000000001,995.6666666666666,726.6833333333333,147.41666666666666,153.11666666666665,726.6833333333333,147.41666666666666,153.11666666666665,546.75,109.35000000000001
02:40,72.60333333333334,41.406666666666666,21.91,199.34666666666666,145.49333333333334,363.01666666666665,207.03333333333333,109.55,996.7333333333333,727.4666666666667,147.58333333333334,153.28333333333333,727.4666666666667,147.58333333333334,153.28333333333333,547.75,109.55
02:45,72.68,41.45,21.95,199.56,145.65,363.4,207.25,109.75,997.8,728.25,147.75,153.45,728.25,147.75,153.45,548.75,109.75
02:50,72.75333333333334,41.49333333333333,21.99,199.77333333333334,145.80666666666667,363.76666666666665,207.46666666666667,109.95,998.8666666666667,729.0333333333333,147.9,153.6,729.0333333333333,147.9,153.6,549.75,109.95
02:55,72.82666666666667,41.53666666666667,22.03,199.98666666666665,145.96333333333334,364.1333333333333,207.68333333333334,110.14999999999999,999.9333333333333,729.8166666666667,148.04999999999998,153.75,729.8166666666667,148.04999999999998,153.75,550.75,110.14999999999999
03:00,72.9,41.58,22.07,200.2,146.12,364.5,207.9,110.35,1001.0,730.6,148.2,153.9,730.6,148.2,153.9,551.75,110.35
03:05,72.97666666666667,41.623333333333335,22.11,200.41333333333333,146.27666666666667,364.8833333333333,208.11666666666667,110.55,1002.0666666666667,731.3833333333333,148.36666666666665,154.06666666666666,731.3833333333333,148.36666666666665,154.06666666666666,552.75,110.55
03:10,73.05333333333333,41.666666666666664,22.150000000000002,200.62666666666667,146.43333333333334,365.26666666666665,208.33333333333334,110.75,1003.1333333333333,732.1666666666667,148.53333333333333,154.23333333333335,732.1666666666667,148.53333333333333,154.23333333333335,553.75,110.75
03:15,73.13,41.71,22.19,200.84,146.59,365.65,208.55,110.95,1004.2,732.95,148.7,154.4,732.95,148.7,154.4,554.75,110.95
03:20,73.20333333333333,41.75333333333334,22.23,201.05333333333334,146.74666666666667,366.01666666666665,208.76666666666668,111.15,1005.2666666666667,733.7333333333333,148.85,154.55,733.7333333333333,148.85,154.55,555.75,111.15
03:25,73.27666666666666,41.79666666666667,22.27,201.26666666666665,146.90333333333334,366.3833333333333,208.98333333333332,111.35,1006.3333333333334,734.5166666666667,149.0,154.7,734.5166666666667,149.0,154.7,556.75,111.35
03:30,73.35,41.84,22.31,201.48,147.06,366.75,209.2,111.55,1007.4,735.3,149.15,154.85,735.3,149.15,154.85,557.75,111.55
03:35,73.42666666666666,41.88333333333333,22.349999999999998,201.69666666666666,147.21666666666667,367.1333333333333,209.41666666666666,111.75,1008.4833333333333,736.0833333333333,149.31666666666666,155.01666666666665,736.0833333333333,149.31666666666666,155.01666666666665,558.75,111.75
03:40,73.50333333333333,41.92666666666667,22.39,201.91333333333333,147.37333333333333,367.51666666666665,209.63333333333333,111.95,1009.5666666666666,736.8666666666667,149.48333333333335,155.18333333333334,736.8666666666667,149.48333333333335,155.18333333333334,559.75,111.95
03:45,73.58,41.97,22.43,202.13,147.53,367.9,209.85,112.15,1010.65,737.65,149.65,155.35,737.65,149.65,155.35,560.75,112.15
03:50,73.65333333333334,42.01,22.47,202.34333333333333,147.68333333333334,368.26666666666665,210.04999999999998,112.35000000000001,1011.7166666666667,738.4166666666666,149.8,155.5,738.4166666666666,149.8,155.5,561.75,112.35000000000001
03:55,73.72666666666666,42.050000000000004,22.51,202.55666666666667,147.83666666666667,368.6333333333333,210.25,112.55,1012.7833333333333,739.1833333333334,149.95,155.65,739.1833333333334,149.95,155.65,562.75,112.55
04:00,73.8,42.09,22.55,202.77,147.99,369.0,210.45,112.75,1013.85,739.95,150.1,155.8,739.95,150.1,155.8,563.75,112.75
04:05,73.87666666666667,42.13333333333333,22.59,202.98333333333335,148.14666666666668,369.3833333333333,210.66666666666666,112.95,1014.9166666666666,740.7333333333333,150.26666666666665,155.96666666666667,740.7333333333333,150.26666666666665,155.96666666666667,564.75,112.95
04:10,73.95333333333333,42.17666666666667,22.630000000000003,203.19666666666666,148.30333333333334,369.76666666666665,210.88333333333333,113.14999999999999,1015.9833333333333,741.5166666666667,150.43333333333334,156.13333333333335,741.5166666666667,150.43333333333334,156.13333333333335,565.75,113.14999999999999
04:15,74.03,42.22,22.67,203.41,148.46,370.15,211.1,113.35,1017.05,742.3,150.6,156.3,742.3,150.6,156.3,566.75,113.35
04:20,74.10333333333334,42.263333333333335,22.71,203.62333333333333,148.61666666666667,370.51666666666665,211.31666666666666,113.55,1018.1166666666667,743.0833333333333,150.75,156.45000000000002,743.0833333333333,150.75,156.45000000000002,567.75,113.55
04:25,74.17666666666666,42.306666666666665,22.75,203.83666666666667,148.77333333333334,370.8833333333333,211.53333333333333,113.75,1019.1833333333333,743.8666666666667,150.9,156.6,743.8666666666667,150.9,156.6,568.75,113.75
04:30,74.25,42.35,22.79,204.05,148.93,371.25,211.75,113.95,1020.25,744.65,151.05,156.75,744.65,151.05,156.75,569.75,113.95
04:35,74.52,42.50333333333334,23.133333333333333,205.84666666666666,150.24,372.6,212.51666666666668,115.66666666666667,1029.2333333333333,751.1999999999999,152.38333333333335,157.31666666666666,751.1999999999999,152.38333333333335,157.31666666666666,578.3333333333334,115.66666666666667
04:40,74.79,42.656666666666666,23.476666666666667,207.64333333333335,151.55,373.95,213.28333333333333,117.38333333333333,1038.2166666666667,757.75,153.71666666666667,157.88333333333333,757.75,153.71666666666667,157.88333333333333,586.9166666666666,117.38333333333333
04:45,75.06,42.81,23.82,209.44,152.86,375.3,214.05,119.1,1047.2,764.3,155.05,158.45,764.3,155.05,158.45,595.5,119.1
04:50,75.33,42.96333333333334,24.163333333333334,211.23666666666668,154.17333333333335,376.65000000000003,214.81666666666666,120.81666666666666,1056.1833333333334,770.8666666666667,156.38333333333335,159.01666666666665,770.8666666666667,156.38333333333335,159.01666666666665,604.0833333333334,120.81666666666666
04:55,75.60000000000001,43.11666666666667,24.506666666666668,213.03333333333333,155.48666666666668,378.0,215.58333333333334,122.53333333333333,1065.1666666666667,777.4333333333333,157.71666666666667,159.58333333333334,777.4333333333333,157.71666666666667,159.58333333333334,612.6666666666666,122.53333333333333
05:00,75.87,43.27,24.85,214.83,156.8,379.35,216.35,124.25,1074.15,784.0,159.05,160.15,784.0,159.05,160.15,621.25,124.25
05:05,76.14,43.42666666666667,25.19666666666667,216.62666666666667,158.11,380.7,217.13333333333333,125.98333333333333,1083.1333333333334,790.55,160.36666666666667,160.73333333333335,790.55,160.36666666666667,160.73333333333335,629.9166666666666,125.98333333333333
05:10,76.41000000000001,43.583333333333336,25.543333333333333,218.42333333333335,159.42,382.05,217.91666666666666,127.71666666666665,1092.1166666666666,797.1,161.68333333333334,161.31666666666666,797.1,161.68333333333334,161.31666666666666,638.5833333333334,127.71666666666665
05:15,76.68,43.74,25.89,220.22,160.73,383.4,218.7,129.45,1101.1,803.65,163.0,161.9,803.65,163.0,161.9,647.25,129.45
05:20,76.95,43.89333333333334,26.233333333333334,222.01666666666668,162.04333333333332,384.75,219.46666666666667,131.16666666666666,1110.0833333333333,810.2166666666667,164.33333333333334,162.46666666666667,810.2166666666667,164.33333333333334,162.46666666666667,655.8333333333334,131.16666666666666
05:25,77.22,44.04666666666667,26.576666666666668,223.81333333333333,163.35666666666665,386.09999999999997,220.23333333333332,132.88333333333333,1119.0666666666666,816.7833333333333,165.66666666666666,163.03333333333333,816.7833333333333,165.66666666666666,163.03333333333333,664.4166666666666,132.88333333333333
05:30,77.49,44.2,26.92,225.61,164.67,387.45,221.0,134.6,1128.05,823.35,167.0,163.6,823.35,167.0,163.6,673.0,134.6
05:35,77.75999999999999,44.35333333333333,27.263333333333335,227.40666666666667,165.98,388.8,221.76666666666668,136.31666666666666,1137.0333333333333,829.9,168.33333333333334,164.16666666666666,829.9,168.33333333333334,164.16666666666666,681.5833333333334,136.31666666666666
05:40,78.03,44.50666666666667,27.606666666666666,229.20333333333335,167.29,390.15,222.53333333333333,138.03333333333333,1146.0166666666667,836.45,169.66666666666666,164.73333333333335,836.45,169.66666666666666,164.73333333333335,690.1666666666666,138.03333333333333
05:45,78.3,44.66,27.95,231.0,168.6,391.5,223.3,139.75,1155.0,843.0,171.0,165.3,843.0,171.0,165.3,698.75,139.75
05:50,78.54333333333334,44.79666666666667,28.06,231.98666666666668,169.32,392.71666666666664,223.98333333333335,140.3,1159.9333333333334,846.6,171.73333333333332,165.81666666666666,846.6,171.73333333333332,165.81666666666666,701.5,140.3
05:55,78.78666666666666,44.93333333333333,28.17,232.97333333333333,170.04,393.93333333333334,224.66666666666666,140.85,1164.8666666666666,850.1999999999999,172.46666666666667,166.33333333333334,850.1999999999999,172.46666666666667,166.33333333333334,704.25,140.85
06:00,79.03,45.07,28.28,233.96,170.76,395.15,225.35,141.4,1169.8,853.8,173.2,166.85,853.8,173.2,166.85,707.0,141.4
06:05,79.27,45.21,28.39,234.94666666666666,171.48,396.34999999999997,226.04999999999998,141.95000000000002,1174.7333333333333,857.4,173.93333333333334,167.35,857.4,173.93333333333334,167.35,709.75,141.95000000000002
06:10,79.51,45.35,28.5,235.93333333333334,172.2,397.55,226.75,142.5,1179.6666666666665,861.0,174.66666666666666,167.85,861.0,174.66666666666666,167.85,712.5,142.5
06:15,79.75,45.49,28.61,236.92,172.92,398.75,227.45,143.05,1184.6,864.6,175.4,168.35,864.6,175.4,168.35,715.25,143.05
06:20,79.99333333333334,45.626666666666665,28.72,237.90666666666667,173.64,399.96666666666664,228.13333333333333,143.6,1189.5333333333333,868.2,176.13333333333333,168.86666666666667,868.2,176.13333333333333,168.86666666666667,718.0,143.6
06:25,80.23666666666666,45.763333333333335,28.830000000000002,238.89333333333332,174.36,401.18333333333334,228.81666666666666,144.15,1194.4666666666667,871.8,176.86666666666667,169.38333333333333,871.8,176.86666666666667,169.38333333333333,720.75,144.15
06:30,80.48,45.9,28.94,239.88,175.08,402.4,229.5,144.7,1199.4,875.4,177.6,169.9,875.4,177.6,169.9,723.5,144.7
06:35,80.72333333333333,46.04,29.05,240.87,175.80333333333334,403.6166666666667,230.2,145.25,1204.3500000000001,879.0166666666667,178.31666666666666,170.41666666666666,879.0166666666667,178.31666666666666,170.41666666666666,726.25,145.25
06:40,80.96666666666667,46.18,29.16,241.85999999999999,176.52666666666667,404.8333333333333,230.9,145.79999999999998,1209.3,882.6333333333333,179.03333333333333,170.93333333333334,882.6333333333333,179.03333333333333,170.93333333333334,729.0,145.79999999999998
06:45,81.21,46.32,29.27,242.85,177.25,406.05,231.6,146.35,1214.25,886.25,179.75,171.45,886.25,179.75,171.45,731.75,146.35
06:50,81.45,46.45666666666666,29.38,243.83666666666667,177.97,407.25,232.28333333333333,146.9,1219.1833333333334,889.85,180.48333333333332,171.95,889.85,180.48333333333332,171.95,734.5,146.9
06:55,81.69,46.593333333333334,29.490000000000002,244.82333333333332,178.69,408.45,232.96666666666667,147.45,1224.1166666666666,893.4499999999999,181.21666666666667,172.45,893.4499999999999,181.21666666666667,172.45,737.25,147.45
07:00,81.93,46.73,29.6,245.81,179.41,409.65,233.65,148.0,1229.05,897.05,181.95,172.95,897.05,181.95,172.95,740.0,148.0
07:05,82.17333333333333,46.87,29.71,246.79666666666668,180.13,410.8666666666667,234.35,148.55,1233.9833333333333,900.65,182.68333333333334,173.46666666666667,900.65,182.68333333333334,173.46666666666667,742.75,148.55
07:10,82.41666666666667,47.01,29.82,247.78333333333333,180.85,412.0833333333333,235.05,149.1,1238.9166666666665,904.25,183.41666666666666,173.98333333333332,904.25,183.41666666666666,173.98333333333332,745.5,149.1
07:15,82.66,47.15,29.93,248.77,181.57,413.3,235.75,149.65,1243.85,907.85,184.15,174.5,907.85,184.15,174.5,748.25,149.65
07:20,82.90333333333334,47.28666666666667,30.043333333333333,249.75666666666666,182.29,414.51666666666665,236.43333333333334,150.21666666666667,1248.7833333333333,911.45,184.88333333333333,175.01666666666668,911.45,184.88333333333333,175.01666666666668,751.0833333333334,150.21666666666667
07:25,83.14666666666666,47.42333333333333,30.156666666666666,250.74333333333334,183.01,415.73333333333335,237.11666666666667,150.78333333333333,1253.7166666666667,915.05,185.61666666666667,175.53333333333333,915.05,185.61666666666667,175.53333333333333,753.9166666666666,150.78333333333333
07:30,83.39,47.56,30.27,251.73,183.73,416.95,237.8,151.35,1258.65,918.65,186.35,176.05,918.65,186.35,176.05,756.75,151.35
07:35,83.63333333333334,47.7,30.38,252.71666666666667,184.45,418.1666666666667,238.5,151.9,1263.5833333333335,922.25,187.08333333333334,176.56666666666666,922.25,187.08333333333334,176.56666666666666,759.5,151.9
07:40,83.87666666666667,47.839999999999996,30.490000000000002,253.70333333333332,185.17,419.3833333333333,239.20000000000002,152.45,1268.5166666666667,925.85,187.81666666666666,177.08333333333334,925.85,187.81666666666666,177.08333333333334,762.25,152.45
07:45,84.12,47.98,30.6,254.69,185.89,420.6,239.9,153.0,1273.45,929.45,188.55,177.6,929.45,188.55,177.6,765.0,153.0
07:50,84.36,48.11666666666667,30.71,255.67666666666665,186.60999999999999,421.8,240.58333333333334,153.55,1278.3833333333334,933.0500000000001,189.28333333333333,178.1,933.0500000000001,189.28333333333333,178.1,767.75,153.55
07:55,84.60000000000001,48.25333333333333,30.82,256.6633333333333,187.33,423.0,241.26666666666665,154.1,1283.3166666666666,936.65,190.01666666666668,178.6,936.65,190.01666666666668,178.6,770.5,154.1
08:00,84.84,48.39,30.93,257.65,188.05,424.2,241.95,154.65,1288.25,940.25,190.75,179.1,940.25,190.75,179.1,773.25,154.65
08:05,85.08333333333333,48.53,31.04,258.64,188.77333333333334,425.4166666666667,242.65,155.20000000000002,1293.2,943.8666666666667,191.46666666666667,179.61666666666667,943.8666666666667,191.46666666666667,179.61666666666667,776.0,155.20000000000002
08:10,85.32666666666667,48.67,31.150000000000002,259.63,189.49666666666667,426.6333333333333,243.35,155.75,1298.1499999999999,947.4833333333333,192.18333333333334,180.13333333333333,947.4833333333333,192.18333333333334,180.13333333333333,778.75,155.75
08:15,85.57,48.81,31.26,260.62,190.22,427.85,244.05,156.3,1303.1,951.1,192.9,180.65,951.1,192.9,180.65,781.5,156.3
08:20,85.81333333333333,48.946666666666665,31.37,261.6066666666667,190.94,429.06666666666666,244.73333333333335,156.85,1308.0333333333333,954.7,193.63333333333333,181.16666666666666,954.7,193.63333333333333,181.16666666666666,784.25,156.85
08:25,86.05666666666666,49.083333333333336,31.48,262.5933333333333,191.66,430.28333333333336,245.41666666666666,157.4,1312.9666666666667,958.3,194.36666666666667,181.68333333333334,958.3,194.36666666666667,181.68333333333334,787.0,157.4
08:30,86.3,49.22,31.59,263.58,192.38,431.5,246.1,157.95,1317.9,961.9,195.1,182.2,961.9,195.1,182.2,789.75,157.95
08:35,86.53999999999999,49.36,31.7,264.56666666666666,193.1,432.7,246.79999999999998,158.5,1322.8333333333335,965.5,195.83333333333334,182.7,965.5,195.83333333333334,182.7,792.5,158.5
08:40,86.78,49.5,31.810000000000002,265.55333333333334,193.82,433.90000000000003,247.5,159.04999999999998,1327.7666666666667,969.1,196.56666666666666,183.2,969.1,196.56666666666666,183.2,795.25,159.04999999999998
08:45,87.02,49.64,31.92,266.54,194.54,435.1,248.2,159.6,1332.7,972.7,197.3,183.7,972.7,197.3,183.7,798.0,159.6
08:50,87.26333333333334,49.776666666666664,32.03,267.5266666666667,195.26,436.31666666666666,248.88333333333333,160.15,1337.6333333333334,976.3000000000001,198.03333333333333,184.21666666666667,976.3000000000001,198.03333333333333,184.21666666666667,800.75,160.15
08:55,87.50666666666666,49.913333333333334,32.14,268.5133333333333,195.98,437.53333333333336,249.56666666666666,160.7,1342.5666666666666,979.9,198.76666666666668,184.73333333333332,979.9,198.76666666666668,184.73333333333332,803.5,160.7
09:00,87.75,50.05,32.25,269.5,196.7,438.75,250.25,161.25,1347.5,983.5,199.5,185.25,983.5,199.5,185.25,806.25,161.25
09:05,88.12666666666667,50.26333333333333,32.37,270.57,197.48,440.6333333333333,251.31666666666666,161.85,1352.85,987.4,200.3,186.05,987.4,200.3,186.05,809.25,161.85
09:10,88.50333333333333,50.47666666666667,32.49,271.64,198.26,442.51666666666665,252.38333333333333,162.45000000000002,1358.2,991.3000000000001,201.1,186.85,991.3000000000001,201.1,186.85,812.25,162.45000000000002
09:15,88.88,50.69,32.61,272.71,199.04,444.4,253.45,163.05,1363.55,995.2,201.9,187.65,995.2,201.9,187.65,815.25,163.05
09:20,89.25333333333333,50.90333333333333,32.73,273.78,199.82,446.26666666666665,254.51666666666665,163.65,1368.8999999999999,999.1,202.68333333333334,188.43333333333334,999.1,202.68333333333334,188.43333333333334,818.25,163.65
09:25,89.62666666666667,51.11666666666667,32.85,274.85,200.6,448.1333333333333,255.58333333333331,164.25,1374.25,1003.0,203.46666666666667,189.21666666666667,1003.0,203.46666666666667,189.21666666666667,821.25,164.25
09:30,90.0,51.33,32.97,275.92,201.38,450.0,256.65,164.85,1379.6,1006.9,204.25,190.0,1006.9,204.25,190.0,824.25,164.85
09:35,90.37666666666667,51.54666666666667,33.089999999999996,276.99,202.16333333333333,451.8833333333333,257.7333333333333,165.45,1384.95,1010.8166666666666,205.05,190.8,1010.8166666666666,205.05,190.8,827.25,165.45
09:40,90.75333333333333,51.76333333333333,33.21,278.06,202.94666666666666,453.76666666666665,258.81666666666666,166.05,1390.3,1014.7333333333333,205.85,191.6,1014.7333333333333,205.85,191.6,830.25,166.05
09:45,91.13,51.98,33.33,279.13,203.73,455.65,259.9,166.65,1395.65,1018.65,206.65,192.4,1018.65,206.65,192.4,833.25,166.65
09:50,91.50333333333333,52.19333333333333,33.446666666666665,280.19666666666666,204.51,457.51666666666665,260.96666666666664,167.23333333333335,1400.9833333333333,1022.55,207.43333333333334,193.18333333333334,1022.55,207.43333333333334,193.18333333333334,836.1666666666666,167.23333333333335
09:55,91.87666666666667,52.406666666666666,33.56333333333333,281.2633333333333,205.29,459.3833333333333,262.03333333333336,167.81666666666666,1406.3166666666668,1026.4499999999998,208.21666666666667,193.96666666666667,1026.4499999999998,208.21666666666667,193.96666666666667,839.0833333333334,167.81666666666666
10:00,92.25,52.62,33.68,282.33,206.07,461.25,263.1,168.4,1411.65,1030.35,209.0,194.75,1030.35,209.0,194.75,842.0,168.4
10:05,92.62666666666667,52.83333333333333,33.8,283.4,206.85,463.1333333333333,264.1666666666667,169.0,1417.0,1034.25,209.8,195.55,1034.25,209.8,195.55,845.0,169.0
10:10,93.00333333333333,53.04666666666667,33.92,284.47,207.63,465.01666666666665,265.23333333333335,169.6,1422.3500000000001,1038.1499999999999,210.6,196.35,1038.1499999999999,210.6,196.35,848.0,169.6
10:15,93.38,53.26,34.04,285.54,208.41,466.9,266.3,170.2,1427.7,1042.05,211.4,197.15,1042.05,211.4,197.15,851.0,170.2
10:20,93.75333333333333,53.47333333333333,34.16,286.61,209.19,468.76666666666665,267.3666666666667,170.79999999999998,1433.05,1045.95,212.18333333333334,197.93333333333334,1045.95,212.18333333333334,197.93333333333334,854.0,170.79999999999998
10:25,94.12666666666667,53.68666666666667,34.28,287.68,209.97,470.6333333333333,268.43333333333334,171.4,1438.4,1049.85,212.96666666666667,198.71666666666667,1049.85,212.96666666666667,198.71666666666667,857.0,171.4
10:30,94.5,53.9,34.4,288.75,210.75,472.5,269.5,172.0,1443.75,1053.75,213.75,199.5,1053.75,213.75,199.5,860.0,172.0
10:35,94.87666666666667,54.11333333333333,34.519999999999996,289.82,211.53,474.3833333333333,270.56666666666666,172.6,1449.1,1057.65,214.55,200.3,1057.65,214.55,200.3,863.0,172.6
10:40,95.25333333333333,54.32666666666667,34.64,290.89,212.31,476.26666666666665,271.6333333333333,173.20000000000002,1454.45,1061.55,215.35,201.1,1061.55,215.35,201.1,866.0,173.20000000000002
10:45,95.63,54.54,34.76,291.96,213.09,478.15,272.7,173.8,1459.8,1065.45,216.15,201.9,1065.45,216.15,201.9,869.0,173.8
10:50,96.00333333333333,54.75333333333333,34.879999999999995,293.03,213.87,480.01666666666665,273.76666666666665,174.4,1465.1499999999999,1069.3500000000001,216.93333333333334,202.68333333333334,1069.3500000000001,216.93333333333334,202.68333333333334,872.0,174.4
10:55,96.37666666666667,54.96666666666667,35.0,294.1,214.65,481.8833333333333,274.8333333333333,175.0,1470.5,1073.25,217.71666666666667,203.46666666666667,1073.25,217.71666666666667,203.46666666666667,875.0,175.0
11:00,96.75,55.18,35.12,295.17,215.43,483.75,275.9,175.6,1475.85,1077.15,218.5,204.25,1077.15,218.5,204.25,878.0,175.6
11:05,97.12666666666667,55.39666666666667,35.239999999999995,296.24,216.21333333333334,485.6333333333333,276.9833333333333,176.2,1481.2,1081.0666666666668,219.3,205.05,1081.0666666666668,219.3,205.05,881.0,176.2
11:10,97.50333333333333,55.61333333333333,35.36,297.31,216.99666666666667,487.51666666666665,278.06666666666666,176.8,1486.55,1084.9833333333333,220.1,205.85,1084.9833333333333,220.1,205.85,884.0,176.8
11:15,97.88,55.83,35.48,298.38,217.78,489.4,279.15,177.4,1491.9,1088.9,220.9,206.65,1088.9,220.9,206.65,887.0,177.4
11:20,98.25333333333333,56.04333333333333,35.596666666666664,299.44666666666666,218.56,491.26666666666665,280.21666666666664,177.98333333333335,1497.2333333333333,1092.8,221.68333333333334,207.43333333333334,1092.8,221.68333333333334,207.43333333333334,889.9166666666666,177.98333333333335
11:25,98.62666666666667,56.25666666666667,35.71333333333333,300.5133333333333,219.34,493.1333333333333,281.28333333333336,178.56666666666666,1502.5666666666668,1096.7,222.46666666666667,208.21666666666667,1096.7,222.46666666666667,208.21666666666667,892.8333333333334,178.56666666666666
11:30,99.0,56.47,35.83,301.58,220.12,495.0,282.35,179.15,1507.9,1100.6,223.25,209.0,1100.6,223.25,209.0,895.75,179.15
11:35,99.37666666666667,56.68333333333333,35.949999999999996,302.65,220.9,496.8833333333333,283.4166666666667,179.75,1513.25,1104.5,224.05,209.8,1104.5,224.05,209.8,898.75,179.75
11:40,99.75333333333333,56.89666666666667,36.07,303.72,221.68,498.76666666666665,284.48333333333335,180.35,1518.6000000000001,1108.3999999999999,224.85,210.6,1108.3999999999999,224.85,210.6,901.75,180.35
11:45,100.13,57.11,36.19,304.79,222.46,500.65,285.55,180.95,1523.95,1112.3,225.65,211.4,1112.3,225.65,211.4,904.75,180.95
11:50,100.50333333333333,57.32333333333333,36.309999999999995,305.86,223.24,502.51666666666665,286.6166666666667,181.54999999999998,1529.3,1116.2,226.43333333333334,212.18333333333334,1116.2,226.43333333333334,212.18333333333334,907.75,181.54999999999998
11:55,100.87666666666667,57.53666666666667,36.43,306.93,224.02,504.3833333333333,287.68333333333334,182.15,1534.65,1120.1,227.21666666666667,212.96666666666667,1120.1,227.21666666666667,212.96666666666667,910.75,182.15
12:00,101.25,57.75,36.55,308.0,224.8,506.25,288.75,182.75,1540.0,1124.0,228.0,213.75,1124.0,228.0,213.75,913.75,182.75
12:05,101.08,57.653333333333336,36.46,307.19666666666666,224.21333333333334,505.4,288.26666666666665,182.3,1535.9833333333333,1121.0666666666666,227.4,213.4,1121.0666666666666,227.4,213.4,911.5,182.3
12:10,100.91,57.556666666666665,36.37,306.3933333333333,223.62666666666667,504.55,287.78333333333336,181.85,1531.9666666666667,1118.1333333333334,226.79999999999998,213.04999999999998,1118.1333333333334,226.79999999999998,213.04999999999998,909.25,181.85
12:15,100.74,57.46,36.28,305.59,223.04,503.7,287.3,181.4,1527.95,1115.2,226.2,212.7,1115.2,226.2,212.7,907.0,181.4
12:20,100.57333333333332,57.36333333333334,36.19,304.78999999999996,222.45666666666665,502.8666666666667,286.81666666666666,180.95000000000002,1523.95,1112.2833333333333,225.61666666666665,212.33333333333331,1112.2833333333333,225.61666666666665,212.33333333333331,904.75,180.95000000000002
12:25,100.40666666666667,57.266666666666666,36.1,303.99,221.87333333333333,502.0333333333333,286.33333333333337,180.5,1519.95,1109.3666666666668,225.03333333333333,211.96666666666667,1109.3666666666668,225.03333333333333,211.96666666666667,902.5,180.5
12:30,100.24,57.17,36.01,303.19,221.29,501.2,285.85,180.05,1515.95,1106.45,224.45,211.6,1106.45,224.45,211.6,900.25,180.05
12:35,100.07,57.07333333333334,35.92,302.38666666666666,220.70333333333332,500.34999999999997,285.3666666666667,179.6,1511.9333333333334,1103.5166666666667,223.85,211.25,1103.5166666666667,223.85,211.25,898.0,179.6
12:40,99.9,56.97666666666667,35.83,301.5833333333333,220.11666666666667,499.5,284.8833333333333,179.15,1507.9166666666667,1100.5833333333335,223.25,210.9,1100.5833333333335,223.25,210.9,895.75,179.15
12:45,99.73,56.88,35.74,300.78,219.53,498.65,284.4,178.7,1503.9,1097.65,222.65,210.55,1097.65,222.65,210.55,893.5,178.7
12:50,99.56333333333333,56.78666666666667,35.653333333333336,299.97999999999996,218.94666666666666,497.81666666666666,283.93333333333334,178.26666666666665,1499.9,1094.7333333333333,222.06666666666666,210.20000000000002,1094.7333333333333,222.06666666666666,210.20000000000002,891.3333333333334,178.26666666666665
12:55,99.39666666666668,56.693333333333335,35.56666666666666,299.18,218.36333333333334,496.9833333333333,283.46666666666664,177.83333333333334,1495.9,1091.8166666666668,221.48333333333335,209.85,1091.8166666666668,221.48333333333335,209.85,889.1666666666666,177.83333333333334
13:00,99.23,56.6,35.48,298.38,217.78,496.15,283.0,177.4,1491.9,1088.9,220.9,209.5,1088.9,220.9,209.5,887.0,177.4
13:05,99.06,56.50333333333334,35.39,297.57666666666665,217.19333333333333,495.3,282.51666666666665,176.95000000000002,1487.8833333333334,1085.9666666666667,220.3,209.13333333333333,1085.9666666666667,220.3,209.13333333333333,884.75,176.95000000000002
13:10,98.89,56.406666666666666,35.3,296.77333333333337,216.60666666666668,494.45,282.03333333333336,176.5,1483.8666666666666,1083.0333333333333,219.7,208.76666666666668,1083.0333333333333,219.7,208.76666666666668,882.5,176.5
13:15,98.72,56.31,35.21,295.97,216.02,493.6,281.55,176.05,1479.85,1080.1,219.1,208.4,1080.1,219.1,208.4,880.25,176.05
13:20,98.55,56.21333333333334,35.12,295.1666666666667,215.43333333333334,492.75,281.06666666666666,175.6,1475.8333333333333,1077.1666666666665,218.5,208.05,1077.1666666666665,218.5,208.05,878.0,175.6
13:25,98.38,56.11666666666667,35.03,294.36333333333334,214.84666666666666,491.90000000000003,280.58333333333337,175.15,1471.8166666666666,1074.2333333333333,217.9,207.7,1074.2333333333333,217.9,207.7,875.75,175.15
13:30,98.21,56.02,34.94,293.56,214.26,491.05,280.1,174.7,1467.8,1071.3,217.3,207.35,1071.3,217.3,207.35,873.5,174.7
13:35,98.04333333333332,55.92333333333333,34.85,292.76,213.67666666666665,490.2166666666667,279.6166666666667,174.25,1463.8,1068.3833333333332,216.71666666666667,206.98333333333332,1068.3833333333332,216.71666666666667,206.98333333333332,871.25,174.25
13:40,97.87666666666667,55.82666666666667,34.76,291.96000000000004,213.09333333333333,489.3833333333333,279.1333333333333,173.79999999999998,1459.8,1065.4666666666667,216.13333333333335,206.61666666666667,1065.4666666666667,216.13333333333335,206.61666666666667,869.0,173.79999999999998
13:45,97.71,55.73,34.67,291.16,212.51,488.55,278.65,173.35,1455.8,1062.55,215.55,206.25,1062.55,215.55,206.25,866.75,173.35
13:50,97.53999999999999,55.63333333333333,34.58,290.3566666666667,211.92333333333332,487.7,278.16666666666663,172.9,1451.7833333333333,1059.6166666666666,214.95000000000002,205.9,1059.6166666666666,214.95000000000002,205.9,864.5,172.9
13:55,97.37,55.53666666666666,34.49,289.55333333333334,211.33666666666667,486.85,277.68333333333334,172.45,1447.7666666666667,1056.6833333333334,214.35,205.54999999999998,1056.6833333333334,214.35,205.54999999999998,862.25,172.45
14:00,97.2,55.44,34.4,288.75,210.75,486.0,277.2,172.0,1443.75,1053.75,213.75,205.2,1053.75,213.75,205.2,860.0,172.0
14:05,97.65,55.696666666666665,34.58,290.35333333333335,211.92,488.25,278.48333333333335,172.9,1451.7666666666667,1059.6,214.93333333333334,206.15,1059.6,214.93333333333334,206.15,864.5,172.9
14:10,98.1,55.95333333333333,34.76,291.95666666666665,213.09,490.5,279.76666666666665,173.79999999999998,1459.7833333333333,1065.45,216.11666666666667,207.1,1065.45,216.11666666666667,207.1,869.0,173.79999999999998
14:15,98.55,56.21,34.94,293.56,214.26,492.75,281.05,174.7,1467.8,1071.3,217.3,208.05,1071.3,217.3,208.05,873.5,174.7
14:20,99.0,56.46666666666667,35.12,295.1666666666667,215.43333333333334,495.0,282.3333333333333,175.6,1475.8333333333333,1077.1666666666667,218.5,209.0,1077.1666666666667,218.5,209.0,878.0,175.6
14:25,99.45,56.72333333333333,35.3,296.7733333333333,216.60666666666665,497.25,283.6166666666667,176.5,1483.8666666666668,1083.0333333333333,219.70000000000002,209.95000000000002,1083.0333333333333,219.70000000000002,209.95000000000002,882.5,176.5
14:30,99.9,56.98,35.48,298.38,217.78,499.5,284.9,177.4,1491.9,1088.9,220.9,210.9,1088.9,220.9,210.9,887.0,177.4
14:35,100.35000000000001,57.236666666666665,35.656666666666666,299.98333333333335,218.95,501.75,286.18333333333334,178.28333333333333,1499.9166666666667,1094.75,222.08333333333334,211.85,1094.75,222.08333333333334,211.85,891.4166666666666,178.28333333333333
14:40,100.8,57.49333333333333,35.83333333333333,301.58666666666664,220.12,504.0,287.46666666666664,179.16666666666669,1507.9333333333334,1100.6000000000001,223.26666666666665,212.8,1100.6000000000001,223.26666666666665,212.8,895.8333333333334,179.16666666666669
14:45,101.25,57.75,36.01,303.19,221.29,506.25,288.75,180.05,1515.95,1106.45,224.45,213.75,1106.45,224.45,213.75,900.25,180.05
14:50,101.7,58.00666666666667,36.19,304.79333333333335,222.46,508.5,290.03333333333336,180.95000000000002,1523.9666666666667,1112.3,225.63333333333333,214.7,1112.3,225.63333333333333,214.7,904.75,180.95000000000002
14:55,102.14999999999999,58.263333333333335,36.37,306.39666666666665,223.63,510.75,291.31666666666666,181.85,1531.9833333333333,1118.15,226.81666666666666,215.65,1118.15,226.81666666666666,215.65,909.25,181.85
15:00,102.6,58.52,36.55,308.0,224.8,513.0,292.6,182.75,1540.0,1124.0,228.0,216.6,1124.0,228.0,216.6,913.75,182.75
15:05,103.05,58.77666666666667,36.73,309.60333333333335,225.97,515.25,293.8833333333333,183.65,1548.0166666666667,1129.85,229.18333333333334,217.54999999999998,1129.85,229.18333333333334,217.54999999999998,918.25,183.65
15:10,103.5,59.03333333333333,36.910000000000004,311.20666666666665,227.14000000000001,517.5,295.1666666666667,184.54999999999998,1556.0333333333333,1135.7,230.36666666666667,218.5,1135.7,230.36666666666667,218.5,922.75,184.54999999999998
15:15,103.95,59.29,37.09,312.81,228.31,519.75,296.45,185.45,1564.05,1141.55,231.55,219.45,1141.55,231.55,219.45,927.25,185.45
15:20,104.4,59.54666666666667,37.27,314.4166666666667,229.48333333333335,522.0,297.73333333333335,186.35,1572.0833333333333,1147.4166666666667,232.75,220.4,1147.4166666666667,232.75,220.4,931.75,186.35
15:25,104.85,59.803333333333335,37.45,316.0233333333333,230.65666666666667,524.25,299.01666666666665,187.25,1580.1166666666668,1153.2833333333333,233.95000000000002,221.35,1153.2833333333333,233.95000000000002,221.35,936.25,187.25
15:30,105.3,60.06,37.63,317.63,231.83,526.5,300.3,188.15,1588.15,1159.15,235.15,222.3,1159.15,235.15,222.3,940.75,188.15
15:35,105.75,60.31666666666667,37.806666666666665,319.23333333333335,233.0,528.75,301.5833333333333,189.03333333333333,1596.1666666666667,1165.0,236.33333333333334,223.25,1165.0,236.33333333333334,223.25,945.1666666666666,189.03333333333333
15:40,106.2,60.57333333333333,37.983333333333334,320.83666666666664,234.17000000000002,531.0,302.8666666666667,189.91666666666669,1604.1833333333334,1170.8500000000001,237.51666666666665,224.20000000000002,1170.8500000000001,237.51666666666665,224.20000000000002,949.5833333333334,189.91666666666669
15:45,106.65,60.83,38.16,322.44,235.34,533.25,304.15,190.8,1612.2,1176.7,238.7,225.15,1176.7,238.7,225.15,954.0,190.8
15:50,107.10000000000001,61.086666666666666,38.339999999999996,324.04333333333335,236.51,535.5,305.43333333333334,191.70000000000002,1620.2166666666667,1182.55,239.88333333333333,226.1,1182.55,239.88333333333333,226.1,958.5,191.70000000000002
15:55,107.55,61.343333333333334,38.52,325.64666666666665,237.68,537.75,306.71666666666664,192.6,1628.2333333333333,1188.4,241.06666666666666,227.05,1188.4,241.06666666666666,227.05,963.0,192.6
16:00,108.0,61.6,38.7,327.25,238.85,540.0,308.0,193.5,1636.25,1194.25,242.25,228.0,1194.25,242.25,228.0,967.5,193.5
16:05,108.9,62.11333333333334,38.98666666666667,328.85333333333335,240.02,544.5,310.56666666666666,194.93333333333334,1644.2666666666667,1200.1,243.43333333333334,229.9,1200.1,243.43333333333334,229.9,974.6666666666666,194.93333333333334
16:10,109.8,62.626666666666665,39.27333333333333,330.45666666666665,241.19,549.0,313.1333333333333,196.36666666666667,1652.2833333333333,1205.95,244.61666666666667,231.79999999999998,1205.95,244.61666666666667,231.79999999999998,981.8333333333334,196.36666666666667
16:15,110.7,63.14,39.56,332.06,242.36,553.5,315.7,197.8,1660.3,1211.8,245.8,233.7,1211.8,245.8,233.7,989.0,197.8
16:20,111.60000000000001,63.653333333333336,39.84666666666667,333.6666666666667,243.53333333333333,558.0,318.26666666666665,199.23333333333335,1668.3333333333333,1217.6666666666667,247.0,235.6,1217.6666666666667,247.0,235.6,996.1666666666666,199.23333333333335
16:25,112.5,64.16666666666667,40.13333333333333,335.2733333333333,244.70666666666668,562.5,320.8333333333333,200.66666666666666,1676.3666666666668,1223.5333333333333,248.20000000000002,237.5,1223.5333333333333,248.20000000000002,237.5,1003.3333333333334,200.66666666666666
16:30,113.4,64.68,40.42,336.88,245.88,567.0,323.4,202.1,1684.4,1229.4,249.4,239.4,1229.4,249.4,239.4,1010.5,202.1
16:35,114.3,65.19333333333334,40.70666666666667,338.48333333333335,247.04999999999998,571.5,325.96666666666664,203.53333333333333,1692.4166666666667,1235.25,250.58333333333334,241.3,1235.25,250.58333333333334,241.3,1017.6666666666666,203.53333333333333
16:40,115.2,65.70666666666666,40.99333333333333,340.08666666666664,248.22,576.0,328.53333333333336,204.96666666666667,1700.4333333333334,1241.1000000000001,251.76666666666665,243.2,1241.1000000000001,251.76666666666665,243.2,1024.8333333333333,204.96666666666667
16:45,116.1,66.22,41.28,341.69,249.39,580.5,331.1,206.4,1708.45,1246.95,252.95,245.1,1246.95,252.95,245.1,1032.0,206.4
16:50,117.0,66.73333333333333,41.56666666666667,343.29333333333335,250.56,585.0,333.6666666666667,207.83333333333334,1716.4666666666667,1252.8,254.13333333333333,247.0,1252.8,254.13333333333333,247.0,1039.1666666666667,207.83333333333334
16:55,117.89999999999999,67.24666666666667,41.85333333333333,344.89666666666665,251.73,589.5,336.23333333333335,209.26666666666665,1724.4833333333333,1258.65,255.31666666666666,248.9,1258.65,255.31666666666666,248.9,1046.3333333333333,209.26666666666665
17:00,118.8,67.76,42.14,346.5,252.9,594.0,338.8,210.7,1732.5,1264.5,256.5,250.8,1264.5,256.5,250.8,1053.5,210.7
17:05,119.58666666666666,68.21000000000001,42.42666666666667,349.71,255.24333333333334,597.9333333333333,341.05,212.13333333333333,1748.55,1276.2166666666667,258.8833333333333,252.46666666666667,1276.2166666666667,258.8833333333333,252.46666666666667,1060.6666666666667,212.13333333333333
17:10,120.37333333333333,68.66,42.71333333333333,352.92,257.5866666666667,601.8666666666667,343.3,213.56666666666666,1764.6000000000001,1287.9333333333334,261.26666666666665,254.13333333333335,1287.9333333333334,261.26666666666665,254.13333333333335,1067.8333333333333,213.56666666666666
17:15,121.16,69.11,43.0,356.13,259.93,605.8,345.55,215.0,1780.65,1299.65,263.65,255.8,1299.65,263.65,255.8,1075.0,215.0
17:20,121.95,69.56,42.85666666666667,359.33666666666664,262.27,609.75,347.8,214.28333333333333,1796.6833333333334,1311.3500000000001,266.01666666666665,257.4666666666667,1311.3500000000001,266.01666666666665,257.4666666666667,1071.4166666666667,214.28333333333333
17:25,122.74,70.00999999999999,42.71333333333333,362.54333333333335,264.61,613.6999999999999,350.05,213.56666666666666,1812.7166666666667,1323.05,268.3833333333333,259.1333333333333,1323.05,268.3833333333333,259.1333333333333,1067.8333333333333,213.56666666666666
17:30,123.53,70.46,42.57,365.75,266.95,617.65,352.3,212.85,1828.75,1334.75,270.75,260.8,1334.75,270.75,260.8,1064.25,212.85
17:35,124.31666666666666,70.90666666666667,42.42666666666667,368.96,269.29333333333335,621.5833333333334,354.53333333333336,212.13333333333333,1844.8,1346.4666666666667,273.1333333333333,262.45,1346.4666666666667,273.1333333333333,262.45,1060.6666666666667,212.13333333333333
17:40,125.10333333333334,71.35333333333332,42.28333333333333,372.17,271.63666666666666,625.5166666666667,356.76666666666665,211.41666666666666,1860.8500000000001,1358.1833333333334,275.51666666666665,264.1,1358.1833333333334,275.51666666666665,264.1,1057.0833333333333,211.41666666666666
17:45,125.89,71.8,42.14,375.38,273.98,629.45,359.0,210.7,1876.9,1369.9,277.9,265.75,1369.9,277.9,265.75,1053.5,210.7
17:50,126.67666666666666,72.25,41.99666666666667,378.58666666666664,276.32,633.3833333333333,361.25,209.98333333333332,1892.9333333333334,1381.6000000000001,280.26666666666665,267.4166666666667,1381.6000000000001,280.26666666666665,267.4166666666667,1049.9166666666667,209.98333333333332
17:55,127.46333333333334,72.7,41.85333333333333,381.79333333333335,278.66,637.3166666666667,363.5,209.26666666666668,1908.9666666666667,1393.3,282.6333333333333,269.0833333333333,1393.3,282.6333333333333,269.0833333333333,1046.3333333333333,209.26666666666668
18:00,128.25,73.15,41.71,385.0,281.0,641.25,365.75,208.55,1925.0,1405.0,285.0,270.75,1405.0,285.0,270.75,1042.75,208.55
18:05,127.12666666666667,72.51,41.56666666666667,381.79333333333335,278.66,635.6333333333333,362.55,207.83333333333334,1908.9666666666667,1393.3,282.6333333333333,268.3833333333333,1393.3,282.6333333333333,268.3833333333333,1039.1666666666667,207.83333333333334
18:10,126.00333333333333,71.87,41.42333333333333,378.58666666666664,276.32,630.0166666666667,359.34999999999997,207.11666666666667,1892.9333333333334,1381.6000000000001,280.26666666666665,266.01666666666665,1381.6000000000001,280.26666666666665,266.01666666666665,1035.5833333333333,207.11666666666667
18:15,124.88,71.23,41.28,375.38,273.98,624.4,356.15,206.4,1876.9,1369.9,277.9,263.65,1369.9,277.9,263.65,1032.0,206.4
18:20,123.75333333333333,70.58666666666667,41.13666666666667,372.17,271.63666666666666,618.7666666666667,352.93333333333334,205.68333333333334,1860.8500000000001,1358.1833333333334,275.51666666666665,261.26666666666665,1358.1833333333334,275.51666666666665,261.26666666666665,1028.4166666666667,205.68333333333334
18:25,122.62666666666667,69.94333333333333,40.99333333333333,368.96,269.29333333333335,613.1333333333333,349.71666666666664,204.96666666666667,1844.8,1346.4666666666667,273.1333333333333,258.8833333333333,1346.4666666666667,273.1333333333333,258.8833333333333,1024.8333333333333,204.96666666666667
18:30,121.5,69.3,40.85,365.75,266.95,607.5,346.5,204.25,1828.75,1334.75,270.75,256.5,1334.75,270.75,256.5,1021.25,204.25
18:35,120.37666666666667,68.66,40.660000000000004,362.54333333333335,264.61,601.8833333333333,343.3,203.3,1812.7166666666667,1323.05,268.3833333333333,254.13333333333333,1323.05,268.3833333333333,254.13333333333333,1016.5,203.3
18:40,119.25333333333333,68.02,40.47,359.33666666666664,262.27,596.2666666666667,340.09999999999997,202.35,1796.6833333333334,1311.3500000000001,266.01666666666665,251.76666666666668,1311.3500000000001,266.01666666666665,251.76666666666668,1011.75,202.35
18:45,118.13,67.38,40.28,356.13,259.93,590.65,336.9,201.4,1780.65,1299.65,263.65,249.4,1299.65,263.65,249.4,1007.0,201.4
18:50,117.00333333333333,66.73666666666666,40.086666666666666,352.92,257.5866666666667,585.0166666666667,333.68333333333334,200.43333333333334,1764.6000000000001,1287.9333333333334,261.26666666666665,247.01666666666668,1287.9333333333334,261.26666666666665,247.01666666666668,1002.1666666666666,200.43333333333334
18:55,115.87666666666667,66.09333333333333,39.89333333333334,349.71,255.24333333333334,579.3833333333333,330.46666666666664,199.46666666666667,1748.55,1276.2166666666667,258.8833333333333,244.63333333333333,1276.2166666666667,258.8833333333333,244.63333333333333,997.3333333333334,199.46666666666667
19:00,114.75,65.45,39.7,346.5,252.9,573.75,327.25,198.5,1732.5,1264.5,256.5,242.25,1264.5,256.5,242.25,992.5,198.5
19:05,113.62666666666667,64.81,39.510000000000005,344.89666666666665,251.73,568.1333333333333,324.05,197.55,1724.4833333333333,1258.65,255.31666666666666,239.88333333333333,1258.65,255.31666666666666,239.88333333333333,987.75,197.55
19:10,112.50333333333333,64.17,39.32,343.29333333333335,250.56,562.5166666666667,320.84999999999997,196.6,1716.4666666666667,1252.8,254.13333333333333,237.51666666666668,1252.8,254.13333333333333,237.51666666666668,983.0,196.6
19:15,111.38,63.53,39.13,341.69,249.39,556.9,317.65,195.65,1708.45,1246.95,252.95,235.15,1246.95,252.95,235.15,978.25,195.65
19:20,110.25333333333333,62.88666666666667,38.940000000000005,340.08666666666664,248.22,551.2666666666667,314.43333333333334,194.70000000000002,1700.4333333333334,1241.1000000000001,251.76666666666665,232.76666666666668,1241.1000000000001,251.76666666666665,232.76666666666668,973.5,194.70000000000002
19:25,109.12666666666667,62.24333333333333,38.75,338.48333333333335,247.04999999999998,545.6333333333333,311.21666666666664,193.75,1692.4166666666667,1235.25,250.58333333333334,230.38333333333333,1235.25,250.58333333333334,230.38333333333333,968.75,193.75
19:30,108.0,61.6,38.56,336.88,245.88,540.0,308.0,192.8,1684.4,1229.4,249.4,228.0,1229.4,249.4,228.0,964.0,192.8
19:35,106.87666666666667,60.96,38.36666666666667,335.2733333333333,244.70666666666668,534.3833333333333,304.8,191.83333333333334,1676.3666666666668,1223.5333333333333,248.20000000000002,225.63333333333333,1223.5333333333333,248.20000000000002,225.63333333333333,959.1666666666666,191.83333333333334
19:40,105.75333333333333,60.32,38.17333333333333,333.6666666666667,243.53333333333333,528.7666666666667,301.59999999999997,190.86666666666667,1668.3333333333333,1217.6666666666667,247.0,223.26666666666668,1217.6666666666667,247.0,223.26666666666668,954.3333333333334,190.86666666666667
19:45,104.63,59.68,37.98,332.06,242.36,523.15,298.4,189.9,1660.3,1211.8,245.8,220.9,1211.8,245.8,220.9,949.5,189.9
19:50,103.50333333333333,59.03666666666667,37.79,330.45666666666665,241.19,517.5166666666667,295.18333333333334,188.95000000000002,1652.2833333333333,1205.95,244.61666666666667,218.51666666666668,1205.95,244.61666666666667,218.51666666666668,944.75,188.95000000000002
19:55,102.37666666666667,58.39333333333333,37.599999999999994,328.85333333333335,240.02,511.8833333333333,291.96666666666664,188.0,1644.2666666666667,1200.1,243.43333333333334,216.13333333333333,1200.1,243.43333333333334,216.13333333333333,940.0,188.0
20:00,101.25,57.75,37.41,327.25,238.85,506.25,288.75,187.05,1636.25,1194.25,242.25,213.75,1194.25,242.25,213.75,935.25,187.05
20:05,100.68666666666667,57.43,37.053333333333335,324.04333333333335,236.51,503.43333333333334,287.15,185.26666666666668,1620.2166666666667,1182.55,239.88333333333333,212.56666666666666,1182.55,239.88333333333333,212.56666666666666,926.3333333333334,185.26666666666668
20:10,100.12333333333333,57.11,36.696666666666665,320.83666666666664,234.17000000000002,500.6166666666667,285.55,183.48333333333332,1604.1833333333334,1170.8500000000001,237.51666666666668,211.38333333333333,1170.8500000000001,237.51666666666668,211.38333333333333,917.4166666666666,183.48333333333332
20:15,99.56,56.79,36.34,317.63,231.83,497.8,283.95,181.7,1588.15,1159.15,235.15,210.2,1159.15,235.15,210.2,908.5,181.7
20:20,99.0,56.47,35.980000000000004,314.42,229.48666666666668,495.0,282.34999999999997,179.9,1572.1000000000001,1147.4333333333334,232.76666666666668,209.01666666666665,1147.4333333333334,232.76666666666668,209.01666666666665,899.5,179.9
20:25,98.44,56.15,35.62,311.21,227.14333333333335,492.2,280.75,178.1,1556.05,1135.7166666666667,230.38333333333333,207.83333333333334,1135.7166666666667,230.38333333333333,207.83333333333334,890.5,178.1
20:30,97.88,55.83,35.26,308.0,224.8,489.4,279.15,176.3,1540.0,1124.0,228.0,206.65,1124.0,228.0,206.65,881.5,176.3
20:35,97.31666666666666,55.50666666666667,34.90333333333333,304.79333333333335,222.46,486.5833333333333,277.5333333333333,174.51666666666668,1523.9666666666667,1112.3,225.63333333333333,205.45000000000002,1112.3,225.63333333333333,205.45000000000002,872.5833333333334,174.51666666666668
20:40,96.75333333333333,55.18333333333333,34.54666666666667,301.58666666666664,220.12,483.76666666666665,275.9166666666667,172.73333333333332,1507.9333333333334,1100.6000000000001,223.26666666666668,204.25,1100.6000000000001,223.26666666666668,204.25,863.6666666666666,172.73333333333332
20:45,96.19,54.86,34.19,298.38,217.78,480.95,274.3,170.95,1491.9,1088.9,220.9,203.05,1088.9,220.9,203.05,854.75,170.95
20:50,95.62666666666667,54.54,33.83,295.17,215.43666666666667,478.1333333333333,272.7,169.15,1475.8500000000001,1077.1833333333334,218.51666666666668,201.86666666666667,1077.1833333333334,218.51666666666668,201.86666666666667,845.75,169.15
20:55,95.06333333333333,54.22,33.47,291.96,213.09333333333333,475.31666666666666,271.1,167.35,1459.8,1065.4666666666667,216.13333333333333,200.68333333333334,1065.4666666666667,216.13333333333333,200.68333333333334,836.75,167.35
21:00,94.5,53.9,33.11,288.75,210.75,472.5,269.5,165.55,1443.75,1053.75,213.75,199.5,1053.75,213.75,199.5,827.75,165.55
21:05,93.37666666666667,53.26,32.57333333333333,285.54333333333335,208.41,466.8833333333333,266.3,162.86666666666667,1427.7166666666667,1042.05,211.38333333333333,197.13333333333333,1042.05,211.38333333333333,197.13333333333333,814.3333333333334,162.86666666666667
21:10,92.25333333333333,52.62,32.03666666666667,282.33666666666664,206.07,461.26666666666665,263.09999999999997,160.18333333333334,1411.6833333333334,1030.35,209.01666666666668,194.76666666666668,1030.35,209.01666666666668,194.76666666666668,800.9166666666666,160.18333333333334
21:15,91.13,51.98,31.5,279.13,203.73,455.65,259.9,157.5,1395.65,1018.65,206.65,192.4,1018.65,206.65,192.4,787.5,157.5
21:20,90.00333333333333,51.336666666666666,30.963333333333335,275.92,201.38666666666666,450.01666666666665,256.68333333333334,154.81666666666666,1379.6000000000001,1006.9333333333333,204.26666666666668,190.01666666666668,1006.9333333333333,204.26666666666668,190.01666666666668,774.0833333333334,154.81666666666666
21:25,88.87666666666667,50.69333333333333,30.426666666666666,272.71,199.04333333333332,444.3833333333333,253.46666666666667,152.13333333333333,1363.55,995.2166666666667,201.88333333333333,187.63333333333333,995.2166666666667,201.88333333333333,187.63333333333333,760.6666666666666,152.13333333333333
21:30,87.75,50.05,29.89,269.5,196.7,438.75,250.25,149.45,1347.5,983.5,199.5,185.25,983.5,199.5,185.25,747.25,149.45
21:35,86.62666666666667,49.41,29.35,266.29333333333335,194.35999999999999,433.1333333333333,247.05,146.75,1331.4666666666667,971.8,197.13333333333333,182.88333333333333,971.8,197.13333333333333,182.88333333333333,733.75,146.75
21:40,85.50333333333333,48.77,28.81,263.08666666666664,192.02,427.51666666666665,243.85,144.04999999999998,1315.4333333333334,960.1,194.76666666666668,180.51666666666668,960.1,194.76666666666668,180.51666666666668,720.25,144.04999999999998
21:45,84.38,48.13,28.27,259.88,189.68,421.9,240.65,141.35,1299.4,948.4,192.4,178.15,948.4,192.4,178.15,706.75,141.35
21:50,83.25333333333333,47.48666666666667,27.733333333333334,256.67,187.33666666666667,416.26666666666665,237.43333333333334,138.66666666666666,1283.3500000000001,936.6833333333333,190.01666666666668,175.76666666666668,936.6833333333333,190.01666666666668,175.76666666666668,693.3333333333334,138.66666666666666
21:55,82.12666666666667,46.843333333333334,27.196666666666665,253.46,184.99333333333334,410.6333333333333,234.21666666666667,135.98333333333335,1267.3,924.9666666666667,187.63333333333333,173.38333333333333,924.9666666666667,187.63333333333333,173.38333333333333,679.9166666666666,135.98333333333335
22:00,81.0,46.2,26.66,250.25,182.65,405.0,231.0,133.3,1251.25,913.25,185.25,171.0,913.25,185.25,171.0,666.5,133.3
22:05,80.48666666666666,45.906666666666666,26.476666666666667,248.41666666666666,181.31333333333333,402.43333333333334,229.53333333333333,132.38333333333335,1242.0833333333333,906.5666666666667,183.9,169.91666666666666,906.5666666666667,183.9,169.91666666666666,661.9166666666666,132.38333333333335
22:10,79.97333333333333,45.61333333333334,26.293333333333333,246.58333333333334,179.97666666666666,399.8666666666667,228.06666666666666,131.46666666666667,1232.9166666666667,899.8833333333333,182.54999999999998,168.83333333333334,899.8833333333333,182.54999999999998,168.83333333333334,657.3333333333334,131.46666666666667
22:15,79.46,45.32,26.11,244.75,178.64,397.3,226.6,130.55,1223.75,893.2,181.2,167.75,893.2,181.2,167.75,652.75,130.55
22:20,78.94333333333333,45.026666666666664,25.923333333333332,242.91666666666666,177.29999999999998,394.7166666666667,225.13333333333333,129.61666666666667,1214.5833333333333,886.5,179.83333333333331,166.66666666666666,886.5,179.83333333333331,166.66666666666666,648.0833333333334,129.61666666666667
22:25,78.42666666666666,44.733333333333334,25.736666666666668,241.08333333333334,175.96,392.1333333333333,223.66666666666666,128.68333333333334,1205.4166666666667,879.8000000000001,178.46666666666667,165.58333333333334,879.8000000000001,178.46666666666667,165.58333333333334,643.4166666666666,128.68333333333334
22:30,77.91,44.44,25.55,239.25,174.62,389.55,222.2,127.75,1196.25,873.1,177.1,164.5,873.1,177.1,164.5,638.75,127.75
22:35,77.39666666666666,44.14666666666667,25.366666666666667,237.41666666666666,173.28333333333333,386.98333333333335,220.73333333333332,126.83333333333333,1187.0833333333333,866.4166666666666,175.75,163.41666666666666,866.4166666666666,175.75,163.41666666666666,634.1666666666666,126.83333333333333
22:40,76.88333333333334,43.85333333333333,25.183333333333334,235.58333333333334,171.9466666666667,384.4166666666667,219.26666666666668,125.91666666666667,1177.9166666666667,859.7333333333333,174.4,162.33333333333334,859.7333333333333,174.4,162.33333333333334,629.5833333333334,125.91666666666667
22:45,76.37,43.56,25.0,233.75,170.61,381.85,217.8,125.0,1168.75,853.05,173.05,161.25,853.05,173.05,161.25,625.0,125.0
22:50,75.85666666666667,43.266666666666666,24.816666666666666,231.91666666666666,169.27,379.28333333333336,216.33333333333334,124.08333333333333,1159.5833333333333,846.35,171.68333333333334,160.15,846.35,171.68333333333334,160.15,620.4166666666666,124.08333333333333
22:55,75.34333333333333,42.973333333333336,24.633333333333333,230.08333333333334,167.93,376.71666666666664,214.86666666666667,123.16666666666667,1150.4166666666667,839.65,170.31666666666666,159.04999999999998,839.65,170.31666666666666,159.04999999999998,615.8333333333334,123.16666666666667
23:00,74.83,42.68,24.45,228.25,166.59,374.15,213.4,122.25,1141.25,832.95,168.95,157.95,832.95,168.95,157.95,611.25,122.25
23:05,74.31666666666666,42.38666666666666,24.266666666666666,226.41666666666666,165.25333333333333,371.5833333333333,211.93333333333334,121.33333333333333,1132.0833333333333,826.2666666666667,167.6,156.86666666666665,826.2666666666667,167.6,156.86666666666665,606.6666666666666,121.33333333333333
23:10,73.80333333333334,42.093333333333334,24.083333333333332,224.58333333333334,163.91666666666669,369.01666666666665,210.46666666666667,120.41666666666667,1122.9166666666667,819.5833333333334,166.25,155.78333333333333,819.5833333333334,166.25,155.78333333333333,602.0833333333334,120.41666666666667
23:15,73.29,41.8,23.9,222.75,162.58,366.45,209.0,119.5,1113.75,812.9,164.9,154.7,812.9,164.9,154.7,597.5,119.5
23:20,72.77333333333334,41.50666666666667,23.71333333333333,220.91666666666666,161.24,363.8666666666667,207.53333333333333,118.56666666666666,1104.5833333333333,806.1999999999999,163.53333333333333,153.61666666666665,806.1999999999999,163.53333333333333,153.61666666666665,592.8333333333334,118.56666666666666
23:25,72.25666666666666,41.21333333333333,23.526666666666667,219.08333333333334,159.9,361.2833333333333,206.06666666666666,117.63333333333334,1095.4166666666667,799.5,162.16666666666669,152.53333333333333,799.5,162.16666666666669,152.53333333333333,588.1666666666666,117.63333333333334
23:30,71.74,40.92,23.34,217.25,158.56,358.7,204.6,116.7,1086.25,792.8,160.8,151.45,792.8,160.8,151.45,583.5,116.7
23:35,71.22666666666666,40.626666666666665,23.156666666666666,215.41666666666666,157.22333333333333,356.1333333333333,203.13333333333333,115.78333333333333,1077.0833333333333,786.1166666666667,159.45000000000002,150.36666666666665,786.1166666666667,159.45000000000002,150.36666666666665,578.9166666666666,115.78333333333333
23:40,70.71333333333334,40.333333333333336,22.973333333333333,213.58333333333334,155.88666666666668,353.56666666666666,201.66666666666666,114.86666666666667,1067.9166666666667,779.4333333333333,158.1,149.28333333333333,779.4333333333333,158.1,149.28333333333333,574.3333333333334,114.86666666666667
23:45,70.2,40.04,22.79,211.75,154.55,351.0,200.2,113.95,1058.75,772.75,156.75,148.2,772.75,156.75,148.2,569.75,113.95
